source,source_id,source_name,source_handle,source_format,candidate_other_source_id,candidate_basis,identity_status,client_canonical_sku,client_legal_product_name,client_compound_or_composition,client_strength_and_unit,client_fill_volume,client_approved_aliases,client_evidence_reference,proposed_action,review_note,approved_by,approved_at
storefront,pen-set-semaglutide,Semaglutide 5mg Pen Set,complete-pen-set?model=Semaglutide,complete-pen-set,,no_exact_match,client_review_required,,,,,,,,hold_identity_mapping_until_evidence,"Confirm actual identity, formulation, intended purpose, and regulatory scope against client master data. Shared base URL is not a variant identifier; preserve model-specific selection.",,
storefront,pen-set-tirzepatide,Tirzepatide 10mg Pen Set,complete-pen-set?model=Tirzepatide,complete-pen-set,,no_exact_match,client_review_required,,,,,,,,hold_identity_mapping_until_evidence,"Confirm actual identity, formulation, intended purpose, and regulatory scope against client master data. Shared base URL is not a variant identifier; preserve model-specific selection.",,
storefront,pen-set-retatrutide,Retatrutide 10mg Pen Set,complete-pen-set?model=Retatrutide,complete-pen-set,,no_exact_match,client_review_required,,,,,,,,hold_identity_mapping_until_evidence,"Confirm actual identity, formulation, intended purpose, and regulatory scope against client master data. Shared base URL is not a variant identifier; preserve model-specific selection.",,
storefront,pen-set-bpc157,BPC-157 10mg Pen Set,complete-pen-set?model=BPC-157,complete-pen-set,,no_exact_match,client_review_required,,,,,,,,hold_identity_mapping_until_evidence,"Confirm actual identity, formulation, intended purpose, and regulatory scope against client master data. Shared base URL is not a variant identifier; preserve model-specific selection.",,
storefront,pen-set-tb500,TB-500 10mg Pen Set,complete-pen-set?model=TB-500,complete-pen-set,,no_exact_match,client_review_required,,,,,,,,hold_identity_mapping_until_evidence,"Confirm actual identity, formulation, intended purpose, and regulatory scope against client master data. Shared base URL is not a variant identifier; preserve model-specific selection.",,
storefront,pen-set-nad,NAD+ 500mg Pen Set,complete-pen-set?model=NAD+,complete-pen-set,,no_exact_match,client_review_required,,,,,,,,hold_identity_mapping_until_evidence,"Confirm actual identity, formulation, intended purpose, and regulatory scope against client master data. Shared base URL is not a variant identifier; preserve model-specific selection.",,
storefront,pen-set-rt40,RT40 Complete Pen Set,pen-system-rt40,complete-pen-set,prod_01M2JNFFB7M2HE0K6HSNC01HM3,exact_handle_only,client_review_required,,,,,,,,hold_identity_mapping_until_evidence,"Confirm actual identity, formulation, intended purpose, and regulatory scope against client master data. Code or naming discrepancy: never infer a compound from this label. Exact handle match is only a candidate, not evidence of chemical identity.",,
storefront,pen-set-cc1236,C.C-1236 Complete Pen Set,pen-system-cc1236,complete-pen-set,prod_01M2JNFFB7Z33KKW3RW4V9GM3B,exact_handle_only,client_review_required,,,,,,,,hold_identity_mapping_until_evidence,"Confirm actual identity, formulation, intended purpose, and regulatory scope against client master data. Code or naming discrepancy: never infer a compound from this label. Exact handle match is only a candidate, not evidence of chemical identity.",,
storefront,pen-set-tbs30,TB-S30 Complete Pen Set,pen-system-tbs30,complete-pen-set,prod_01M2JNFFB7PXMJQVTA67B7G3Y7,exact_handle_only,client_review_required,,,,,,,,hold_identity_mapping_until_evidence,"Confirm actual identity, formulation, intended purpose, and regulatory scope against client master data. Code or naming discrepancy: never infer a compound from this label. Exact handle match is only a candidate, not evidence of chemical identity.",,
storefront,pen-set-ifc137,IFC-137 Complete Pen Set,pen-system-ifc137,complete-pen-set,prod_01M2JNFFB7NXMF3MP07YRVH1N5,exact_handle_only,client_review_required,,,,,,,,hold_identity_mapping_until_evidence,"Confirm actual identity, formulation, intended purpose, and regulatory scope against client master data. Code or naming discrepancy: never infer a compound from this label. Exact handle match is only a candidate, not evidence of chemical identity.",,
storefront,pen-set-gvk0050,GVK-00 50 Complete Pen Set,pen-system-gvk0050,complete-pen-set,prod_01M2JNFFB78W2AM1HRRAVMK1EP,exact_handle_only,client_review_required,,,,,,,,hold_identity_mapping_until_evidence,"Confirm actual identity, formulation, intended purpose, and regulatory scope against client master data. Code or naming discrepancy: never infer a compound from this label. Exact handle match is only a candidate, not evidence of chemical identity.",,
storefront,pen-set-melatoxin2,Melatoxin II Complete Pen Set,pen-system-melatoxin2,complete-pen-set,,no_exact_match,client_review_required,,,,,,,,hold_identity_mapping_until_evidence,"Confirm actual identity, formulation, intended purpose, and regulatory scope against client master data. Code or naming discrepancy: never infer a compound from this label.",,
storefront,cartridge-semaglutide-5mg,Semaglutide 5mg Refill,semaglutide-5mg-cartridge,refill-cartridge,,no_exact_match,client_review_required,,,,,,,,hold_identity_mapping_until_evidence,"Confirm actual identity, formulation, intended purpose, and regulatory scope against client master data.",,
storefront,cartridge-tirzepatide-10mg,Tirzepatide 10mg Refill,tirzepatide-10mg-cartridge,refill-cartridge,,no_exact_match,client_review_required,,,,,,,,hold_identity_mapping_until_evidence,"Confirm actual identity, formulation, intended purpose, and regulatory scope against client master data.",,
storefront,cartridge-retatrutide-10mg,Retatrutide 10mg Refill,retatrutide-10mg-cartridge,refill-cartridge,,no_exact_match,client_review_required,,,,,,,,hold_identity_mapping_until_evidence,"Confirm actual identity, formulation, intended purpose, and regulatory scope against client master data.",,
storefront,cartridge-bpc157-10mg,BPC-157 10mg Refill,bpc157-10mg-cartridge,refill-cartridge,,no_exact_match,client_review_required,,,,,,,,hold_identity_mapping_until_evidence,"Confirm actual identity, formulation, intended purpose, and regulatory scope against client master data.",,
storefront,cartridge-tb500-10mg,TB-500 10mg Refill,tb500-10mg-cartridge,refill-cartridge,,no_exact_match,client_review_required,,,,,,,,hold_identity_mapping_until_evidence,"Confirm actual identity, formulation, intended purpose, and regulatory scope against client master data.",,
storefront,cartridge-ghkcu-50mg,GHK-Cu 50mg Refill,ghkcu-50mg-cartridge,refill-cartridge,,no_exact_match,client_review_required,,,,,,,,hold_identity_mapping_until_evidence,"Confirm actual identity, formulation, intended purpose, and regulatory scope against client master data.",,
storefront,cartridge-epithalon-10mg,Epithalon 10mg Refill,epithalon-10mg-cartridge,refill-cartridge,,no_exact_match,client_review_required,,,,,,,,hold_identity_mapping_until_evidence,"Confirm actual identity, formulation, intended purpose, and regulatory scope against client master data.",,
storefront,cartridge-motsc-10mg,MOTS-c 10mg Refill,motsc-10mg-cartridge,refill-cartridge,,no_exact_match,client_review_required,,,,,,,,hold_identity_mapping_until_evidence,"Confirm actual identity, formulation, intended purpose, and regulatory scope against client master data.",,
storefront,cartridge-semax-30mg,Semax 30mg Refill,semax-30mg-cartridge,refill-cartridge,,no_exact_match,client_review_required,,,,,,,,hold_identity_mapping_until_evidence,"Confirm actual identity, formulation, intended purpose, and regulatory scope against client master data.",,
storefront,cartridge-selank-30mg,Selank 30mg Refill,selank-30mg-cartridge,refill-cartridge,,no_exact_match,client_review_required,,,,,,,,hold_identity_mapping_until_evidence,"Confirm actual identity, formulation, intended purpose, and regulatory scope against client master data.",,
storefront,cartridge-rt40,RT40 Test Cartridge,cartridge-rt40,refill-cartridge,prod_01M2JNFFB7384WWNWAF45XZHCD,exact_handle_only,client_review_required,,,,,,,,hold_identity_mapping_until_evidence,"Confirm actual identity, formulation, intended purpose, and regulatory scope against client master data. Code or naming discrepancy: never infer a compound from this label. Exact handle match is only a candidate, not evidence of chemical identity.",,
storefront,cartridge-cc1236,C.C-1236 Test Cartridge,cartridge-cc1236,refill-cartridge,prod_01M2JNFFB7GETSZR8T1G3Q4J3Z,exact_handle_only,client_review_required,,,,,,,,hold_identity_mapping_until_evidence,"Confirm actual identity, formulation, intended purpose, and regulatory scope against client master data. Code or naming discrepancy: never infer a compound from this label. Exact handle match is only a candidate, not evidence of chemical identity.",,
storefront,cartridge-tbs30,TB-S30 Test Cartridge,cartridge-tbs30,refill-cartridge,prod_01M2JNFFB7FG04XZFBMCF9PG3R,exact_handle_only,client_review_required,,,,,,,,hold_identity_mapping_until_evidence,"Confirm actual identity, formulation, intended purpose, and regulatory scope against client master data. Code or naming discrepancy: never infer a compound from this label. Exact handle match is only a candidate, not evidence of chemical identity.",,
storefront,cartridge-ifc137,IFC-137 Test Cartridge,cartridge-ifc137,refill-cartridge,prod_01M2JNFFB79A5833XBWG8ZVY74,exact_handle_only,client_review_required,,,,,,,,hold_identity_mapping_until_evidence,"Confirm actual identity, formulation, intended purpose, and regulatory scope against client master data. Code or naming discrepancy: never infer a compound from this label. Exact handle match is only a candidate, not evidence of chemical identity.",,
storefront,cartridge-gvk0050,GVK-00 50 Test Cartridge,cartridge-gvk0050,refill-cartridge,prod_01M2JNFFB72RQGK2MPCF3H35MS,exact_handle_only,client_review_required,,,,,,,,hold_identity_mapping_until_evidence,"Confirm actual identity, formulation, intended purpose, and regulatory scope against client master data. Code or naming discrepancy: never infer a compound from this label. Exact handle match is only a candidate, not evidence of chemical identity.",,
storefront,cartridge-melatoxin2,Melatoxin II Test Cartridge,cartridge-melatoxin2,refill-cartridge,,no_exact_match,client_review_required,,,,,,,,hold_identity_mapping_until_evidence,"Confirm actual identity, formulation, intended purpose, and regulatory scope against client master data. Code or naming discrepancy: never infer a compound from this label.",,
storefront,vial-retatrutide-10mg,Retatrutide 10mg Lyophilised Vial,vial-retatrutide-10mg,freeze-dried-vial,,no_exact_match,client_review_required,,,,,,,,hold_identity_mapping_until_evidence,"Confirm actual identity, formulation, intended purpose, and regulatory scope against client master data.",,
storefront,vial-tirzepatide-15mg,Tirzepatide 15mg Lyophilised Vial,vial-tirzepatide-15mg,freeze-dried-vial,,no_exact_match,client_review_required,,,,,,,,hold_identity_mapping_until_evidence,"Confirm actual identity, formulation, intended purpose, and regulatory scope against client master data.",,
storefront,vial-semaglutide-10mg,Semaglutide 10mg Lyophilised Vial,vial-semaglutide-10mg,freeze-dried-vial,,no_exact_match,client_review_required,,,,,,,,hold_identity_mapping_until_evidence,"Confirm actual identity, formulation, intended purpose, and regulatory scope against client master data.",,
storefront,vial-bpc157-10mg,BPC-157 10mg Lyophilised Vial,vial-bpc157-10mg,freeze-dried-vial,,no_exact_match,client_review_required,,,,,,,,hold_identity_mapping_until_evidence,"Confirm actual identity, formulation, intended purpose, and regulatory scope against client master data.",,
storefront,vial-tb500-10mg,TB-500 10mg Lyophilised Vial,vial-tb500-10mg,freeze-dried-vial,,no_exact_match,client_review_required,,,,,,,,hold_identity_mapping_until_evidence,"Confirm actual identity, formulation, intended purpose, and regulatory scope against client master data.",,
storefront,vial-epithalon-20mg,Epithalon 20mg Lyophilised Vial,vial-epithalon-20mg,freeze-dried-vial,,no_exact_match,client_review_required,,,,,,,,hold_identity_mapping_until_evidence,"Confirm actual identity, formulation, intended purpose, and regulatory scope against client master data.",,
storefront,vial-semax-30mg,Semax 30mg Lyophilised Vial,vial-semax-30mg,freeze-dried-vial,,no_exact_match,client_review_required,,,,,,,,hold_identity_mapping_until_evidence,"Confirm actual identity, formulation, intended purpose, and regulatory scope against client master data.",,
storefront,vial-selank-30mg,Selank 30mg Lyophilised Vial,vial-selank-30mg,freeze-dried-vial,,no_exact_match,client_review_required,,,,,,,,hold_identity_mapping_until_evidence,"Confirm actual identity, formulation, intended purpose, and regulatory scope against client master data.",,
local_medusa,prod_01M2JNFFB719H38XS9QVG62Q49,Melatonin II Pen System,pen-system-melatonin2,Complete Pen Sets,,no_exact_match,client_review_required,,,,,,,,hold_identity_mapping_until_evidence,"Confirm actual identity, formulation, intended purpose, and regulatory scope against client master data. Code or naming discrepancy: never infer a compound from this label.",,
local_medusa,prod_01M2JNFFB72RQGK2MPCF3H35MS,GVK-00 50 Test Cartridge,cartridge-gvk0050,Refill Cartridges,cartridge-gvk0050,exact_handle_only,client_review_required,,,,,,,,hold_identity_mapping_until_evidence,"Confirm actual identity, formulation, intended purpose, and regulatory scope against client master data. Code or naming discrepancy: never infer a compound from this label. Exact handle match is only a candidate, not evidence of chemical identity.",,
local_medusa,prod_01M2JNFFB7384WWNWAF45XZHCD,RT40 Test Cartridge,cartridge-rt40,Refill Cartridges,cartridge-rt40,exact_handle_only,client_review_required,,,,,,,,hold_identity_mapping_until_evidence,"Confirm actual identity, formulation, intended purpose, and regulatory scope against client master data. Code or naming discrepancy: never infer a compound from this label. Exact handle match is only a candidate, not evidence of chemical identity.",,
local_medusa,prod_01M2JNFFB74H0D5GPKRVNXHDJY,Melatonin II Test Cartridge,cartridge-melatonin2,Refill Cartridges,,no_exact_match,client_review_required,,,,,,,,hold_identity_mapping_until_evidence,"Confirm actual identity, formulation, intended purpose, and regulatory scope against client master data. Code or naming discrepancy: never infer a compound from this label.",,
local_medusa,prod_01M2JNFFB778WNCQARVRDBAKVB,Complete PEPTECH® Pen Set,complete-pen-set,Complete Pen Sets,,no_exact_match,client_review_required,,,,,,,,hold_identity_mapping_until_evidence,"Confirm actual identity, formulation, intended purpose, and regulatory scope against client master data. Identity incomplete; reconcile composition and selectable variant before sale.",,
local_medusa,prod_01M2JNFFB78W2AM1HRRAVMK1EP,GVK-00 50 Pen System,pen-system-gvk0050,Complete Pen Sets,pen-set-gvk0050,exact_handle_only,client_review_required,,,,,,,,hold_identity_mapping_until_evidence,"Confirm actual identity, formulation, intended purpose, and regulatory scope against client master data. Code or naming discrepancy: never infer a compound from this label. Exact handle match is only a candidate, not evidence of chemical identity.",,
local_medusa,prod_01M2JNFFB79A5833XBWG8ZVY74,IFC-137 Test Cartridge,cartridge-ifc137,Refill Cartridges,cartridge-ifc137,exact_handle_only,client_review_required,,,,,,,,hold_identity_mapping_until_evidence,"Confirm actual identity, formulation, intended purpose, and regulatory scope against client master data. Code or naming discrepancy: never infer a compound from this label. Exact handle match is only a candidate, not evidence of chemical identity.",,
local_medusa,prod_01M2JNFFB7FG04XZFBMCF9PG3R,TB-S30 Test Cartridge,cartridge-tbs30,Refill Cartridges,cartridge-tbs30,exact_handle_only,client_review_required,,,,,,,,hold_identity_mapping_until_evidence,"Confirm actual identity, formulation, intended purpose, and regulatory scope against client master data. Code or naming discrepancy: never infer a compound from this label. Exact handle match is only a candidate, not evidence of chemical identity.",,
local_medusa,prod_01M2JNFFB7GETSZR8T1G3Q4J3Z,C.C-1236 Test Cartridge,cartridge-cc1236,Refill Cartridges,cartridge-cc1236,exact_handle_only,client_review_required,,,,,,,,hold_identity_mapping_until_evidence,"Confirm actual identity, formulation, intended purpose, and regulatory scope against client master data. Code or naming discrepancy: never infer a compound from this label. Exact handle match is only a candidate, not evidence of chemical identity.",,
local_medusa,prod_01M2JNFFB7M2HE0K6HSNC01HM3,RT40 Pen System,pen-system-rt40,Complete Pen Sets,pen-set-rt40,exact_handle_only,client_review_required,,,,,,,,hold_identity_mapping_until_evidence,"Confirm actual identity, formulation, intended purpose, and regulatory scope against client master data. Code or naming discrepancy: never infer a compound from this label. Exact handle match is only a candidate, not evidence of chemical identity.",,
local_medusa,prod_01M2JNFFB7NXMF3MP07YRVH1N5,IFC-137 Pen System,pen-system-ifc137,Complete Pen Sets,pen-set-ifc137,exact_handle_only,client_review_required,,,,,,,,hold_identity_mapping_until_evidence,"Confirm actual identity, formulation, intended purpose, and regulatory scope against client master data. Code or naming discrepancy: never infer a compound from this label. Exact handle match is only a candidate, not evidence of chemical identity.",,
local_medusa,prod_01M2JNFFB7PXMJQVTA67B7G3Y7,TB-S30 Pen System,pen-system-tbs30,Complete Pen Sets,pen-set-tbs30,exact_handle_only,client_review_required,,,,,,,,hold_identity_mapping_until_evidence,"Confirm actual identity, formulation, intended purpose, and regulatory scope against client master data. Code or naming discrepancy: never infer a compound from this label. Exact handle match is only a candidate, not evidence of chemical identity.",,
local_medusa,prod_01M2JNFFB7Z33KKW3RW4V9GM3B,C.C-1236 Pen System,pen-system-cc1236,Complete Pen Sets,pen-set-cc1236,exact_handle_only,client_review_required,,,,,,,,hold_identity_mapping_until_evidence,"Confirm actual identity, formulation, intended purpose, and regulatory scope against client master data. Code or naming discrepancy: never infer a compound from this label. Exact handle match is only a candidate, not evidence of chemical identity.",,
local_medusa,prod_01M2JNFFB8FV8CY4ZE47857C0M,Research Grade 10 mg Lyophilised Vial,vial-10mg,Freeze-Dried Vials,,no_exact_match,client_review_required,,,,,,,,hold_identity_mapping_until_evidence,"Confirm actual identity, formulation, intended purpose, and regulatory scope against client master data. Identity incomplete; reconcile composition and selectable variant before sale.",,
local_medusa,prod_01M2JNFFB8MTXS5VYCCMKHRSNH,Research Grade 25 mg Lyophilised Vial,vial-25mg,Freeze-Dried Vials,,no_exact_match,client_review_required,,,,,,,,hold_identity_mapping_until_evidence,"Confirm actual identity, formulation, intended purpose, and regulatory scope against client master data. Identity incomplete; reconcile composition and selectable variant before sale.",,
local_medusa,prod_01M2JNFFB8VYA43RGVYJW3SG50,Research Grade 50 mg Lyophilised Vial,vial-50mg,Freeze-Dried Vials,,no_exact_match,client_review_required,,,,,,,,hold_identity_mapping_until_evidence,"Confirm actual identity, formulation, intended purpose, and regulatory scope against client master data. Identity incomplete; reconcile composition and selectable variant before sale.",,
local_medusa,prod_01M2JNFFB8Z235WPXZ2T3GRCMT,Research Grade 5 mg Lyophilised Vial,vial-5mg,Freeze-Dried Vials,,no_exact_match,client_review_required,,,,,,,,hold_identity_mapping_until_evidence,"Confirm actual identity, formulation, intended purpose, and regulatory scope against client master data. Identity incomplete; reconcile composition and selectable variant before sale.",,
